HTMLの基本,HTML | HyperText Markup Language,html,https://creative-community.space/coding/html/
HEADって何？,HEAD | HyperText Markup Language,html,https://creative-community.space/coding/html/head/
代表的なテキスト要素,Text | HyperText Markup Language,html,https://creative-community.space/coding/html/text/
A要素とCLASS・ID属性,A CLASS ID | HyperText Markup Language,html,https://creative-community.space/coding/html/href/
代表的なリスト要素,Ul Ol Li | HyperText Markup Language,html,https://creative-community.space/coding/html/ulolli/
PHPにできること,PHP: Hypertext Preprocessor | Personal Home Page Tools,php,https://creative-community.space/coding/php/
テキストファイルの内容を、HTMLに呼び出す,CSV | Personal Home Page Tools,php,https://creative-community.space/coding/php/csv/
リストページ／投稿フォームの作り方,Let's Creat a Lists of the Things about You,php,https://creative-community.space/coding/submit/
CSSの基本,CSS | Cascading Style Sheets,css,https://creative-community.space/coding/css/
テキスト要素の書体をスタイリングする,Font | Cascading Style Sheets,css,https://creative-community.space/coding/css/font/
文字色・背景色をスタイリングする,Color | Cascading Style Sheets,css,https://creative-community.space/coding/css/color/
タイピングアニメーション,iTyped | JavaScript,js,https://creative-community.space/coding/js/ityped/
要素を絞り込む,ORG | JavaScript,js,https://creative-community.space/coding/submit/org/
